-- liquibase formatted sql
-- 2022-10-08 10:00:00 VN
-- changeset trungkien.nguyen:V202210081000_init_master_database_data
INSERT INTO PaymentType (name, slug)
VALUES (N'Thanh toán MOMO', 'thanh-toan-momo');

INSERT INTO BillStatus (name, slug)
VALUES (N'Khởi tạo', 'khoi-tao'),
       (N'Chưa thanh toán', 'chua-thanh-toan'),
       (N'Hủy bỏ', 'huy-bo'),
       (N'Đã thanh toán', 'da-thanh-toan');

INSERT INTO Bill (total, paidDate, userId, paymentTypeId, billStatusId)
VALUES (110000, '2023-06-01 21:33:21', 1, 1, 4),
       (120000, null, 1, 1, 2),
       (120000, null, 1, 1, 1),
       (140000, '2023-06-01 21:33:21', 2, 1, 4),
       (150000, '2023-06-02 21:33:21', 2, 1, 4),
       (160000, '2023-06-03 21:33:21', 2, 1, 4),
       (170000, '2023-06-04 21:33:21', 2, 1, 4),
       (180000, '2023-06-05 21:33:21', 2, 1, 4),
       (190000, '2023-06-06 21:33:21', 2, 1, 4),
       (200000, '2023-06-07 21:33:21', 2, 1, 4),
       (210000, '2023-06-08 21:33:21', 2, 1, 4),
       (220000, '2023-06-09 21:33:21', 2, 1, 4),
       (230000, null, 2, 1, 2),
       (240000, null, 2, 1, 1),
       (250000, '2023-06-09 21:33:21', 3, 1, 4),
       (260000, '2023-06-10 21:33:21', 3, 1, 4),
       (270000, null, 3, 1, 3),
       (280000, '2023-06-01 21:33:21', 4, 1, 4),
       (290000, '2023-06-02 21:33:21', 4, 1, 4),
       (300000, '2023-06-03 21:33:21', 4, 1, 4),
       (310000, '2023-06-04 21:33:21', 5, 1, 4),
       (320000, '2023-06-05 21:33:21', 6, 1, 4),
       (330000, '2023-06-06 21:33:21', 7, 1, 4),
       (340000, '2023-06-07 21:33:21', 8, 1, 4),
       (350000, '2023-06-08 21:33:21', 9, 1, 4),
       (360000, '2023-06-09 21:33:21', 10, 1, 4),
       (370000, '2023-06-10 21:33:21', 11, 1, 4);

INSERT INTO ParkingBill (billId, parkingId, parkingTypeId, dayAmount, total)
VALUES (1, 1, 1, 7, 10000),
       (2, 2, 2, 8, 20000),
       (3, 3, 2, 9, 30000),
       (4, 1, 1, 12, 10000),
       (5, 2, 2, 16, 20000),
       (6, 3, 2, 17, 30000),
       (7, 1, 1, 6, 10000),
       (8, 2, 2, 11, 20000),
       (9, 3, 2, 18, 30000),
       (10, 1, 1, 20, 10000),
       (11, 2, 2, 18, 20000),
       (12, 3, 2, 15, 30000),
       (13, 1, 3, 15, 10000),
       (14, 1, 3, 12, 20000),
       (14, 2, 2, 17, 30000),
       (14, 3, 2, 19, 40000);

INSERT INTO RoomBill (billId, roomId, dayAmount, total)
VALUES (1, 1, 8, 10000),
       (2, 1, 22, 20000),
       (3, 1, 30, 30000),
       (4, 2, 14, 10000),
       (5, 2, 31, 20000),
       (6, 2, 21, 30000),
       (7, 2, 30, 10000),
       (8, 2, 20, 20000),
       (9, 2, 15, 30000),
       (10, 2, 15, 10000),
       (11, 2, 20, 20000),
       (12, 2, 18, 30000),
       (13, 2, 21, 10000),
       (14, 2, 27, 20000),
       (14, 2, 25, 30000),
       (14, 2, 15, 40000);

INSERT INTO PaymentHistoryTemporary(userId, nearestPaidDate)
VALUES (1, '2023-06-18 21:33:21'),
       (2, '2023-06-18 21:33:21'),
       (3, '2023-06-18 21:33:21'),
       (4, '2023-06-18 21:33:21'),
       (5, '2023-06-18 21:33:21'),
       (6, '2023-06-18 21:33:21'),
       (7, '2023-06-18 21:33:21'),
       (8, '2023-06-18 21:33:21'),
       (9, '2023-06-18 21:33:21'),
       (10, '2023-06-18 21:33:21'),
       (11, '2023-06-18 21:33:21'),
       (12, '2023-06-18 21:33:21'),
       (13, '2023-06-18 21:33:21'),
       (14, '2023-06-18 21:33:21'),
       (15, '2023-06-18 21:33:21'),
       (16, '2023-06-18 21:33:21'),
       (17, '2023-06-18 21:33:21'),
       (18, '2023-06-18 21:33:21'),
       (19, '2023-06-18 21:33:21'),
       (20, '2023-06-18 21:33:21'),
       (21, '2023-06-18 21:33:21'),
       (22, '2023-06-18 21:33:21'),
       (23, '2023-06-18 21:33:21'),
       (24, '2023-06-18 21:33:21'),
       (25, '2023-06-18 21:33:21');