-- liquibase formatted sql
-- 2022-10-08 10:00:00 VN
-- changeset trungkien.nguyen:V202210081000_init_master_database_data
INSERT INTO PaymentType (name, slug)
VALUES (N'Thanh toán MOMO', 'thanh-toan-momo');

INSERT INTO BillStatus (name, slug)
VALUES (N'Khởi tạo', 'khoi-tao'),
       (N'Chưa thanh toán', 'chua-thanh-toan'),
       (N'Hủy bỏ', 'huy-bo'),
       (N'Đã thanh toán', 'da-thanh-toan');

INSERT INTO Bill (total, paidDate, userId, paymentTypeId, billStatusId)
VALUES (1100000, '2022-10-08 21:33:21', 1, 1, 4),
       (1200000, null, 1, 1, 2),
       (1200000, null, 1, 1, 1),
       (1400000, '2022-01-01 21:33:21', 2, 1, 4),
       (1500000, '2022-02-02 21:33:21', 2, 1, 4),
       (1600000, '2022-03-03 21:33:21', 2, 1, 4),
       (1700000, '2022-04-04 21:33:21', 2, 1, 4),
       (1800000, '2022-05-05 21:33:21', 2, 1, 4),
       (1900000, '2022-06-06 21:33:21', 2, 1, 4),
       (2000000, '2022-07-07 21:33:21', 2, 1, 4),
       (2100000, '2022-08-08 21:33:21', 2, 1, 4),
       (2200000, '2022-09-09 21:33:21', 2, 1, 4),
       (2300000, null, 2, 1, 2),
       (2400000, null, 2, 1, 1),
       (2500000, '2022-08-09 21:33:21', 3, 1, 4),
       (2600000, '2022-09-09 21:33:21', 3, 1, 4),
       (2700000, null, 3, 1, 3),
       (2800000, '2022-07-09 21:33:21', 4, 1, 4),
       (2900000, '2022-08-09 21:33:21', 4, 1, 4),
       (3000000, '2022-09-09 21:33:21', 4, 1, 4),
       (3100000, '2022-09-09 21:33:21', 5, 1, 4),
       (3200000, '2022-09-09 21:33:21', 6, 1, 4),
       (3300000, '2022-09-09 21:33:21', 7, 1, 4),
       (3400000, '2022-09-09 21:33:21', 8, 1, 4),
       (3500000, '2022-09-09 21:33:21', 9, 1, 4),
       (3600000, '2022-09-09 21:33:21', 10, 1, 4),
       (3700000, '2022-09-09 21:33:21', 11, 1, 4);

INSERT INTO ParkingBill (billId, parkingId, parkingTypeId, dayAmount, total)
VALUES (1, 1, 1, 7, 100000),
       (2, 2, 2, 8, 200000),
       (3, 3, 2, 9, 300000),
       (4, 1, 1, 12, 100000),
       (5, 2, 2, 16, 200000),
       (6, 3, 2, 17, 300000),
       (7, 1, 1, 6, 100000),
       (8, 2, 2, 11, 200000),
       (9, 3, 2, 18, 300000),
       (10, 1, 1, 20, 100000),
       (11, 2, 2, 18, 200000),
       (12, 3, 2, 15, 300000),
       (13, 1, 3, 15, 100000),
       (14, 1, 3, 12, 200000),
       (14, 2, 2, 17, 300000),
       (14, 3, 2, 19, 400000);

INSERT INTO RoomBill (billId, roomId, dayAmount, total)
VALUES (1, 1, 8, 100000),
       (2, 1, 22, 200000),
       (3, 1, 30, 300000),
       (4, 2, 14, 100000),
       (5, 2, 31, 200000),
       (6, 2, 21, 300000),
       (7, 2, 30, 100000),
       (8, 2, 20, 200000),
       (9, 2, 15, 300000),
       (10, 2, 15, 100000),
       (11, 2, 20, 200000),
       (12, 2, 18, 300000),
       (13, 2, 21, 100000),
       (14, 2, 27, 200000),
       (14, 2, 25, 300000),
       (14, 2, 15, 400000);

INSERT INTO PaymentHistoryTemporary(userId, nearestPaidDate)
VALUES (1, '2022-10-08 21:33:21'),
       (2, '2022-09-09 21:33:21'),
       (3, '2022-09-09 21:33:21'),
       (4, '2022-07-09 21:33:21'),
       (5, '2022-07-09 21:33:21'),
       (6, '2022-07-09 21:33:21'),
       (7, '2022-07-09 21:33:21'),
       (8, '2022-07-09 21:33:21'),
       (9, '2022-07-09 21:33:21'),
       (10, '2022-07-09 21:33:21'),
       (11, '2022-07-09 21:33:21');